Male Dragonborn First,Female Dragonborn First,Dragonborn Last,Male Dwarf First,Female Dwarf First,Dwarf Last,Male Elf First,Female Elf First,Elf Last,Male Gnome First,Female Gnome First,Gnome Last,Male Halfling First,Female Halfling First,Halfling Last,Male Half-Orc First,Female Half-Orc First,Male Tiefling First,Female Tiefling First,Tiefling Last,Male Human Arabic,Female Human Arabic,Male Human Celtic,Female Human Celtic,Male Human Chinese,Female Human Chinese,Male Human Egyptian,Female Human Egyptian,Male Human English,Female Human English,Male Human French,Female Human French,Male Human German,Female Human German,Human Male Greek,Human Female Greek,Male Human Indian,Female Human Indian,Male Human Japanese,Female Human Japanese,Male Human Mesoamerican,Female Human Mesoamerican,Male Human African,Female Human African,Male Human Norse,Female Human Norse,Male Human Polynesian,Female Human Polynesian,Human Male Roman,Human Female Roman,Male Human Slavic,Female Human Slavic,Male Human Spanish,Female Human Spanish
Adrex,Akra,Akambherylliax,Adrik,Anbera,Aranore,Adran,Adrie,Aloro,Alston,Abalaba,Albaratie,Alton,Alain,Appleblossom,Argran,Arha,Abad,Akta,Ambition,Abbad,Aaliyah,Airell,Aife,Bingwen,Ai,Ahmose,A'at,Adam,Adelaide,Ambroys,Aalis,Albrecht,Adelhayt,Adonis,Acantha,Abhay,Abha,Akio,Aika,Achcauhtli,Ahuiliztli,Abebe,Abebi,Agni,Alfhild,Afa,Ahulani,Aelius,Aelia,Aleksandru,Agripina,Alexandre,Abella
Arjhan,Aasathra,Argenthrixus,Alberich,Artin,Balderk,Aelar,Ahinar,Amakiir,Alvyn,Bimpnottin,Bafflestone,Ander,Andry,Bigheart,Braak,Baggi,Ahrim,Anakis,Art,Abdul,Aida,Airic,Aina,Bo,Anming,Akhom,Ahset,Adelard,Agatha,Ame,Agatha,Allexander,Affra,Adrastos,Aella,Ahsan,Aishwarya,Atsushi,Akemi,Amoxtli,Atl,Abel,Abena,Alaric,Arnbjorg,Ahohako,Airini,Aetius,Aemilia,Berislav,Anatasiya,Alfonso,Adalina
Azzakh,Antrara,Baharoosh,Baern,Audhild,Battlehammer,Aerdeth,Althaea,Amastacia,Anverth,Breena,Beren,Bernie,Anne,Brightmoon,Brug,Bendoo,Akmen,Armara,Carrion,Achmend,Akilah,Alan,Alane,Bolin,Baozhai,Amasis,Amunet,Aidous,Agnes,Andri,Agnez,Baltasar,Agatha,Aeson,Alektos,Ajay,Amala,Daichi,Akiko,Chicahua,Centehua,Abidemi,Abimbola,Anvindr,Ase,Aisake,Alani,Agrippa,Agrippina,Blazh,Bogdana,Alonso,Adora
Balasar,Biri,Beryntolthropal,Barendd,Balifra,Bigtoe,Ahvain,Anastrianna,Ariessus,Arumawann,Buvvie,Boondiggles,Bobbin,Bella,Brushgather,Cagak,Bilga,Amnon,Astaro,Chant,Akeem,Alia,Anghus,Ardena,Chang,Bei,Amenemhet,Aneksi,Anselm,Alice,Andriet,Alberea,Benedick,Allet,Aias,Alkippe,Ajit,Ananda,Daiki,Amaya,Chimalli,Chalchiuitl,Abrafo,Akoko,Arvid,Aslog,Aleki,Aluala,Albanus,Alba,Bogumir,Boleslava,Anthon,Adriana
Baradad,Blendaeth,Bhenkumbyrznaax,Beloril,Barbena,Bloodkith,Aramil,Andraste,Arnuanna,Bilbron,Callybon,Cobblelob,Cade,Blossom,Cherrycheeks,Dench,Brakka,Andram,Aym,Creed,Alif,Amina,Aodh,Arienh,Chao,Caixia,Anen,Atet,Arnold,Aline,Anthoine,Alips,Berhart,Angnes,Aineias,Andromeda,Akhil,Ankita,Daisuke,Asami,Cipactli,Chipahua,Adisa,Akachi,Asger,Astrid,Anewa,Anahera,Albus,Antonia,Boguslav,Bozhena,Arcos,Ana
Bharash,Burana,Caavylteradyn,Brottor,Bardryn,Bofdann,Arannis,Antinua,Berevan,Boddykock,Caramip,Daergel,Callus,Bree,Copperkettle,Dorn,Creega,Astar,Azza,Death,Amir,Atefeh,Bardon,Beatha,Chen,Changchang,Banefre,Baketamon,Bernard,Anna,Bernard,Amee,Caspar,Anna,Aiolos,Antigone,Amar,Archana,Eiji,Ayumi,Coaxoch,Cihuaton,Amadi,Alaba,Asmund,Auda,Anitelu,Anuhea,Antonius,Aquila,Borislav,Danica,Anaut,Antonia
Bidreked,Chassath,Chumbyxirinnish,Dain,Bolhild,Brawnanvil,Aust,Arara,Caerdonel,Brocc,Carlin,Dunben,Corrin,Callie,Deephollow,Dren,Drenna,Balam,Beleth,Debauchery,Asim,Chaima,Bearacb,Birgit,Da,Chen,Bek,Betrest,Bertram,Avelina,Charles,Amelot,Clas,Apell,Alekto,Ariadne,Amit,Avani,Fumio,Bunko,Coyotl,Citlali,Amara,Anuli,Bjarte,Audhid,Aputi,Aolani,Appius,Augusta,Bozhidar,Darya,Arturo,Basilia
Dadalan,Daar,Clethtinthiallor,Dalgal,Dagnal,Brazzik,Azaki,Baelitae,Caphaxath,Burgell,Cumpen,Fabblestabble,Dannad,Chenna,Elderberry,Druuk,Ekk,Barakas,Bryseis,Despair,Bashir,Dalia,Bevyn,Briann,Dingxiang,Chou,Djedefre,Bunefer,Charles,Avice,Charlot,Anne,Cristin,Appolonia,Alkeides,Astraea,Ananta,Chandana,Hajime,Chieko,Cualli,Citlalmina,Anyim,Ayo,Bjorg,Bergljot,Ariki,Elenoa,Aquilinus,Aurelia,Bratomil,Desislava,Bartoleme,Baeatriz
Dazzazn,Dentratha,Daardendrian,Darrak,Dariff,Broodfist,Beiro,Bethrunna,Casilltenirra,Cockaby,Dalaba,Fapplestamp,Danniel,Cora,Fastfoot,Feng,Emen,Bathin,Bune,Doom,Bassam,Ehsan,Boden,Caomh,Fang,Chunhua,Djoser,Dedyet,Clerebold,Beatrice,Colin,Avelina,Cristoff,Barbara,Argos,Chloros,Aseem,Chandrakanta,Haru,Chika,Cuauhtemoc,Coszcatl,Azubuike,Bolanle,Bjorn,Birghild,Butat,Emele,Atilus,Balbina,Bratoslav,Dragoslava,Benito,Bonita
Direcris,Doudra,Delmirev,Delg,Delre,Burrowfound,Berrian,Birel,Cithreth,Crampernap,Donella,Fiddlefen,Eddie,Dee,Fatrabbit,Gell,Engong,Caim,Criella,Doubt,Fahim,Elham,Bran,Cara,Feng,Daianna,Hekaib,Hatshepsut,Conrad,Cecily,Denis,Blancha,Dieterich,Brida,Brontes,Chryseos,Ashok,Chetan,Hideaki,Chiyo,Cuelachtilo,Cozamalotl,Bapoto,Bosede,Brandr,Bodil,Enele,Fetia,Augustus,Blandina,Bronislav,Dunja,Bernat,Camila
Donaar,Driindar,Dhyrktelonis,Duergath,Diesa,Caebrek,Caeldrim,Caelynn,Dalathan,Dabbledob,Duvamil,Folkor,Egart,Dell,Glenfellow,Gnarsh,Fistula,Chem,Damaia,Dread,Farid,Farah,Brasil,Cinnia,Fu,Daiyu,Henenu,Hentie,Diggory,Egelina,Durant,Cateline,Engelhart,Brigita,Damazo,Daphne,Bahadur,Darshana,Hideo,Cho,Cuetzpalli,Cuicatl,Baraka,Chiamaka,Brandt,Brenna,Fef,Fiva,Aurelius,Caelia,Chedomir,Efrosinia,Blasco,Cande
Fax,Eggren,Ebynichtomonis,Dworic,Eldeth,Daerdahk,Carric,Chaedi,Eathalena,Delebean,Ella,Garrick,Eldon,Eida,Goldfound,Grumbar,Gaaki,Cimer,Decarabia,Ecstacy,Farouk,Fatemah,Bredon,Cordelia,Gang,Die,Horemheb,Herit,Drogo,Eleanor,Edouart,Cecilia,Erhart,Cecilia,Dardanos,Despoina,Basu,Devi,Hikaru,Eiko,Cuixtli,Eleuia,Bohlale,Chidi,Brynjar,Brynhild,Fuifui,Halona,Avitus,Camilla,Chestibor,Ekaterina,Carlos,Carmen
Gargax,Farideh,Esstyrlynn,Eberk,Eridred,Dankil,Dayereth,Claira,Erenaeth,Dimble,Ellyjoybell,Gimlen,Errich,Eran,Foodbarrel,Gubrash,Gorga,Cressel,Ea,Ennui,Fayez,Gamila,Brian,Deheune,Guang,Ehuang,Horwedja,Hetepheres,Everard,Elizabeth,Eremon,Claricia,Felix,Clara,Deimos,Dione,Chand,Dipti,Hiro,Emiko,Ehecatl,Eloxochitl,Bongani,Chidimma,Calder,Dagmar,Ha'aheo,Hi'ilei,Balbus,Casia,Chestirad,Elena,Damian,Catalina
Ghesh,Findex,Fharngnarthnost,Einkil,Falkrunn,Daraln,Dreali,Dara,Ethanasath,Eberdeb,Ellywick,Glittergem,Fildo,Euphemia,Goodearth,Hagren,Grai,Damakos,Gadreel,Entropy,Fayyaad,Iesha,Bricriu,Divone,Hai,Fenfang,Huya,Intakaes,Frederick,Ella,Ernault,Collette,Frantz,Cristina,Diomedes,Eileithyia,Chandra,Esha,Hiroki,Eri,Etalpalli,Eztli,Bujune,Chinyere,Colborn,Eerika,Hanohano,Hina,Blandus,Claudia,Chestislav,Faina,Diego,Dolores
Gorbundus,Furrele,Ghaallixirn,Elaim,Fallthra,Deepdelver,Efferil,Drusilia,Fasharash,Eldon,Enidda,Gobblefirn,Finnan,Georgina,Greenbottle,Henk,Greeba,Ekemon,Gomory,Excellence,Fazil,Inbar,Bryant,Donia,Heng,Ge,Ibebi,Ipwet,Geoffrey,Eloise,Ethor,Denisete,Fritz,Dorothea,Endymion,Elektra,Damodar,Gauro,Hisao,Etsuko,Huemac,Ichtaca,Buziba,Chioma,Cuyler,Eira,Haunui,Hinatea,Blasius,Cloelia,Desilav,Galina,Enrique,Dominga
Greethen,Gesrethe,Grrrmmballhyst,Erias,Finellen,Durthane,Eiravel,Elama,Firahel,Erky,Lilli,Gummen,Franklin,Gynnie,Greenleaf,Hogar,Grigi,Euron,Hecat,Fear,Hakim,Kamaria,Cadman,Doreena,Hong,Hong,Idu,Itet,Gerald,Elysande,Felix,Dorian,Gerhart,Duretta,Epimetheus,Euadne,Darhsan,Gita,Hitoshi,Gina,Huitzililhuitl,Icnoyotl,Chakide,Dada,Egil,Gudrun,Hekili,Huali,Brutus,Domitia,Dmitrei,Irina,Escobar,Dorotea
Heskan,Gilkass,Gygazzylyshrift,Fallond,Gillydd,Eversharp,Enialis,Enna,Floshem,Fablen,Loopmottin,Horcusporcus,Garret,Harriet,High-hill,Holg,Gynk,Fenriz,Ishte,Glory,Halil,Khadija,Caradoc,Elsha,Huan,Huan,Imhotep,Joba,Gilbert,Emeny,Floquart,Edelina,Gotleib,Ella,Erebos,Eudora,Devdan,Indira,Isamu,Hana,Iccauhtli,Ihuicatl,Chibuzo,Ebele,Einar,Gunborg,Hiapo,Inia,Caelius,Drusa,Dobromil,Iskara,Ettor,Elena
Hirrathak,Harann,Hashphronyxadyn,Fargrim,Gunnolda,Fallack,Erdan,Faral,Galanodel,Fibblestib,Lorilla,Humplebumple,Garth,Jasmine,Hilltopple,Imsh,Hrathy,Rocas,Jezebeth,Gluttony,Hamid,Layla,Cedric,Enid,Huang,Huifang,Ineni,Kasmut,Godfrey,Emma,Galleren,Emelina,Hans,Els,Euandros,Eunomia,Dinesh,Indu,Isao,Haruki,Ilhicamina,Ilhuitl,Chika,Efemena,Eric,Gunhild,Hikawera,Inina,Caius,Fabia,Dobroslav,Jasna,Fernando,Elicia
Ildrex,Havilar,Hshhsstoroth,Gardain,Gurdis,Fireforge,Erevan,Felosial,Goltorah,Fonkin,Luthra,Ironhide,Gilbert,Jillian,Hogcollar,Karash,Huru,Habor,Kali,Grief,Hazim,Lupe,Conalt,Ethne,Huiliang,Jia,Ipuki,Kemanub,Gunter,Emmeline,Gaultier,Emmelot,Hartmann,Elsbeth,Ganymedes,Hekabe,Dipak,Jaya,Jun,Hideko,Itzli,Itotia,Chimola,Ejiro,Erland,Gunvor,Hanano,Iolani,Casian,Fabricia,Dragomir,Katarina,Francisco,Esmerelda
Kaladan,Hethress,lmbixtellrhyst,Gilthur,Helgret,Foamtankard,Fivin,Hatae,Hanali,Frouse,Mardnab,Lefferly,Gob,Jo,Honeypot,Karg,Ilga,Iados,Kallista,Hate,Heydar,Nabila,Conchobar,Evelina,Huizhong,Jiao,Irsu,Khemut,Guy,Ermina,Gilles,Ermentrudis,Heintz,Engel,Glaukos,Helene,Gopal,Kala,Katashi,Hikari,Ixli,Iluitl,Chiratidzo,Ekundayo,Fiske,Helga,Ho'onani,Isa,Cassius,Fausta,Dragutin,Katya,Gabriel,Felipina
Kerkad,Hillanot,Jerynomonis,Gimgen,Helja,Frostbeard,Dalinndan,Ielenia,Holimion,Frug,Meena,Lingenhall,Harol,Kithri,Jamjar,Keth,Kabbarg,Kairon,Kasdeya,Hope,Hussein,Nadine,Condon,Fianna,Jian,Jiaying,Kagemni,Kiya,Henry,Eva,Guy,Gibelina,Herman,Enlein,Hektor,Hermoione,Govind,Kalpana,Katsu,Hiroko,Mahuizoh,Ixcatzin,Dabulamanzi,Enitan,Folkvar,Hertha,Hoku,Ka'ana'ana,Cato,Flavia,Drazhan,Kresimira,Garcia,Francisca
Kilirith,Jaxi,Jharthraxyn,Gimurt,Hlin,Glanh,Gennal,Irann,Horineth,Gerbo,Menny,Loofollue,Igor,Lavinia,Kettlewhistle,Korag,Kansif,Leucis,Lerissa,Horror,Jabari,Naima,Darcy,Genevieve,Jiayi,Jingfei,Kawab,Maia,Heward,Galiena,Henry,Gila,Jacob,Enndlin,Heros,Hippolyte,Harendra,Kamala,Kei,Hisoka,Manauia,Izel,Dumisa,Funanya,Fritjof,Hilde,Hu'eu,Ka'ena,Ceksus,Floriana,Gostislav,Lyudmila,Gaspar,Gabriela
Kriv,Jesean,Kerrhylon,Harbek,Ilde,Goblinbane,Hadarai,Jarsali,Iathrana,Gimble,Mumpena,Maekkelferce,Jasper,Lidda,Porridgepot,Krusk,Lagazi,Mamnen,Lilith,Ideal,Jahid,Najila,Devin,Gilda,Junjie,Jinjing,Kenamon,Menhet,Hubert,Geva,Hugo,Gilette,Jeremias,Eva,Hippolytos,Ianthe,Harsha,Kanta,Ken,Hishi,Matlal,Malinalxochitl,Dwanh,Ifunanya,Frode,Hillevi,Ina,Kaamia,Caludius,Fulvia,Kazimir,Magda,Gil,Imelda
Maagog,Jeheri,Kimbatuul,Kildrak,Jarana,Goldfinder,Halimath,Jelenneth,Ilphelkiir,Glim,Nissa,Miggledy,Keith,Maegan,Quickstep,Lubash,Lezre,Mantus,Makaria,Ignominy,Jamal,Najwa,Dillion,Gitta,Kang,Lan,Kewap,Merit,Hugh,Giselle,Imbert,Guiburgis,Jorg,Fela,Iacchus,Iokaste,Ila,Kasi,Kenshin,Hotaru,Matlaihuitl,Mecatl,Emeka,Ige,Geir,Ingrid,Itu,Kahula,Cloelius,Germana,Kyrilu,Mariya,Gomes,Ines
Medrash,Kadana,Lhamboldennish,Kilvar,Kathra,Gorunn,Heian,Keyleth,Iranapha,Igden,Numba,Munggen,Kevin,Marigold,Reedfellow,Megged,Murgen,Marbas,Manea,Laughter,Kalim,Nakia,Donaghy,Grania,Lei,Li,Khaemwaset,Meritamen,Jocelyn,Griselda,Jacques,Guillemette,Karll,Fronicka,Iason,Iola,Isha,Kishori,Kenta,Izumi,Mazatl,Meztli,Folami,Ime,Halvar,Iona,Ka'aukai,Kailani,Cnaeus,Glaucia,Lyubomir,Miloslava,Goncalo,Isabel
Mehen,Kava,Linxakasendalor,Morgran,Kilia,Graybeard,Himo,Leshanna,Koehlanna,Jabble,Nyx,Murnig,Lazam,Merla,Shadowquick,Mhurren,Murook,Melech,Markosian,Love,Karim,Nashwa,Donall,Gwyndolin,Liang,Lihua,Khafra,Merneith,John,Hadwisa,Jacquot,Guoite,Kilian,Genefe,Kadmos,Iphigenia,Johar,Lalita,Kioshi,Kameyo,Mictlantecuhtli,Miyaoaxochitl,Gatura,Kunto,Hemming,Jorunn,Ka'eo,Kamaile,Crispus,Gratiana,Mechislav,Mira,Gostantin,Juana
Mozikth,Korinn,Mohradyllion,Morkral,Kristryd,Hammerstone,Immeral,Lia,Lathalas,Jebeddo,Oda,Musgraben,Lerry,Myria,Silvereyes,Mord,Myev,Merihim,Mastema,Lust,Kazim,Nawra,Duer,Idelisa,Ling,Lin,Khusebek,Merseger,Lance,Helen,Jean,Hecelina,Linhart,Geras,Kastor,Ismene,Kalyan,Lina,Makoto,Kasumi,Milintica,Mixquixaual,Gebhuza,Lesedi,Hjalmar,Kari,Kaelani,Kamakani,Cyprianus,Hadriana,Milivoj,Miroslava,Jayme,Leocadia
Mreksh,Megren,Mystan,Nalral,Liftrasa,Helcral,Ivellios,Maiathah,Liadon,Kellen,Oppah,Nackle,Lindal,Nedda,Smoothhands,Morg,Nagrette,Modean,Naamah,Mayhem,Khadim,Nuha,Eghan,Isolde,Liwei,Ling,Masaharta,Muyet,Manfred,Herleva,Jehanniin,Heloysis,Lorentz,Gerhauss,Kephalos,Kalliope,Kieran,Madhur,Mamoru,Kimiko,Momozlti,Moyolehuani,Gero,Lumusi,Hjortr,Kenna,Kahale,Kamea,Diocletianus,Hermina,Milosh,Mokosh,Joan,Leonor
Mugrungen,Mijira,Nemmonis,Nordak,Marastyr,Holderhek,Korfel,Malquis,Meliamne,Kipper,Orla,Ningel,Lyle,Nikki,Stonebridge,Nil,Norga,Mordai,Nemeia,Mockery,Khalid,Nura,Ewyn,Keelin,Meilin,Liu,Meketre,Nebet,Miles,Hugolina,Louis,Hodeardis,Ludwig,Gertrudt,Kepheus,Kallisto,Kumar,Manju,Masato,Kotone,Namacuix,Nahuatl,Isoba,Mojisola,Ingimarr,Megnhild,Kaiea,Latai,Egnatius,Horatia,Mstislav,Morana,Jorge,Leta
Nadarr,Mishann,Norixius,Nuraval,Mardred,lronfist,Lamlis,Meriele,Mellerelel,Namfoodle,Panana,Nopenstallen,Merric,Nora,Stoutbridge,Nybarg,Nella,Mormo,Noija,Murder,Mahmud,Oma,Ferghus,Kennocha,Niu,Meili,Menkhaf,Nebetah,Nicholas,Ida,Louys,Isabellis,Marx,Guttel,Koios,Kalypso,Lakshmana,Meera,Masumi,Kyoko,Necalli,Necahual,Kagiso,Monifa,Ivar,Nanna,Kaikoa,Liona,Ennius,Hortensia,Nikola,Natasha,Jose,Lucinda
Nithther,Nala,Ophinshtalajiir,Oloric,Morana,Loderr,Laucian,Mialee,Mystralath,Oppleby,Pyntle,Nucklestamp,Mican,Olivia,Stoutman,Odorr,Nogu,Morthos,Orianna,Muse,Mansour,Qadira,Galvyn,Lavena,Peizhi,Ning,Merenre,Nedjemmut,Norman,Isabella,Loys,Jaquette,Melchor,Helena,Kreios,Karme,Mahavir,Mohana,Noboru,Maiko,Necumetl,Nenetl,Kamau,Nakato,Knud,Olga,Kana'l,Lokelani,Fabricius,Iovita,Ninoslav,Nika,Juan,Maresol
Norkruuth,Nuthra,Orexijandilin,Olunt,Nalaed,Lutgehr,Lucan,Myathethil,Nailo,Orryn,Quilla,Offund,Milo,Paela,Strongbones,Ohr,Oolah,Nicor,Osah,Music,Masharraf,Qamar,Gildas,Lesley,Peng,Qi,Metjen,Nefertiti,Odo,Jacoba,Martin,Jehan,Mertin,Irmel,Laios,Kassandra,Narayan,Mukta,Norio,Masako,Nezahualcoyotl,Nochtli,Katlego,Ndidi,Leif,Ragna,Koamalu,Marva,Faustus,Iulia,Premislav,Olga,Machin,Maria
Mykkan,Perra,Pfaphnyrennish,Orsik,Nora,Morigak,Mindartis,Naivara,Netyoive,Paggen,Ranala,Oomtrowl,Morrin,Pearl,Sunmeadow,Rendar,Ootah,Nirgel,Phelaia,Mystery,Mustafa,Qistina,Guy,Linette,Ping,Qiao,Nebamunn,Neferu,Percival,Jane,Michel,Johanna,Michel,Jonata,Leandros,Kassiopeia,Naveen,Nisha,Osamu,Mi,Nexahualpilli,Noxochicoztli,Masego,Ngozi,Liufr,Ragnhild,Ka,Mehana,Gaius,Laelia,Radomir,Rada,Martin,Maricela
Pandjed,Pogranix,Phrahdrandon,Oskar,Nurkara,Orcfoe,Naal,Quelenna,Ofandrus,Pallabar,Reddlepop,Pilwicken,Nebin,Pennie,Swiftwhistle,Resh,Ovak,Oriax,Prosperine,Nowhere,Nadir,Rahima,Harvey,Lyonesse,Qiang,Rong,Nebetka,Neithotep,Peter,Joan,Mille,Juliote,Moritz,Katerina,Linos,Kirke,Nirav,Nitya,Ryota,Minori,Nochehuatl,Ohtli,Matata,Nkiruka,Manning,Ranveig,Laki,Millawa,Germanus,Laurentia,Radovan,Radoslava,Mateu,Matilde
Patrin,Pyxrin,Pyraxtallinost,Rangrim,Oriff,Rakankrak,Nutae,Quillathe,Ostoroth,Pog,Roywyn,Pingun,Nevil,Philomena,Tallfellow,Ront,Ownka,Paymon,Purah,Open,Nazim,Rihanna,Iden,Mabina,Qiu,Shu,Nehi,Nit,Ralf,Juliana,Morelet,Katerine,Ossald,Kuen,Lykos,Kleio,Prabhakar,Padma,Sadao,Mizuki,Nopaltzin,Papan,Nthanda,Nneka,Oddr,Runa,Makai,Moana,Gnaeus,Livia,Ratimir,Raisa,Miguel,Melania
Pijjirik,Quespa,Qyxpahrgh,Reirak,Ovina,Ruby-Eye,Paelias,Ridaro,Othronus,Qualen,Salanop,Quillsharpener,Osborn,Portia,Tealeaf,Rrath,Puyet,Pelais,Pyra,Pain,Omar,Saadia,Irven,Marvina,Quan,Shuang,Nekure,Nofret,Randal,Katherine,Nicolas,Luciana,Ott,Kungund,Melanthios,Klotho,Prasanna,Pratima,Satoshi,Naoki,Ollin,Patli,Ogechi,Ogechi,Olin,Saga,Manu,Ngana,Horatius,Longina,Rostislav,Slavista,Nicolas,Monica
Quarethon,Raiann,Raghthroknaar,Rurik,Riswynn,Rumnaheim,Peren,Sariel,Qualanthri,Ribbles,Shamil,Raulnor,Ostran,Robbie,Tenpenny,Sark,reeza,Purson,Rieta,Passion,Qadir,Sabah,Karney,Mavis,Renshu,Song,Nussumontu,Nubemiunu,Raymond,Margery,Nicolle,Margot,Peter,Lucia,Menelaus,Klytie,Raghu,Priya,Shigeo,Natsuko,Quauhtli,Quetzalxochitl,Olwenyo,Olamide,Ormr,Sigfrid,Manuka,Nohea,Iovianus,Lucilla,Slavomir,Sofiya,Pascual,Neva
Rathkran,Rezenna,Shestendeliath,Taklinn,Sannl,Silveraxe,Quarion,Shanairla,Raethran,Rimple,Siffress,Reese,Oswalt,Rose,Thistletop,Scrag,Shautha,Qumuel,Ronobe,Poetry,Qusay,Sada,Kayne,Mierna,Rong,Ting,Pakhom,Peseshet,Reynard,Mary,Oudart,Marguerite,Rudolff,Madalena,Mentor,Kynthia,Rajanikant,Rani,Shin,Noriko,Tenoch,Sacnite,Osumare,Oluchi,Ove,Signe,Nui,Pelika,Iulius,Lucretia,Stanislav,Stanislava,Pedro,Nilda
Rhogar,Ruloth,Skaarzborroosh,Thoradin,Therlin,Silverstone,Riardon,Shava,Rothenel,Roondar,Symma,Rofferton,Perrin,Sarak,Thorngage,Sheggen,Silgre,Raam,Ronwe,Quest,Rafiq,Saffron,Kelvyn,Morgan,Ru,Wen,Pawah,Pypuy,Richard,Matilda,Perrin,Maria,Ruprecht,Magdalen,Neoptolemus,Leto,Rakesh,Sarala,Sora,Rei,Teoxihuitl,Teicui,Paki,Omolara,Rannulfr,Sigrid,Pono,Sanoe,Lucilius,Marcella,Svetoslav,Svetlana,Porico,Petrona
Rivaan,Saphara,Sumnarghthrysh,Thorin,Thodris,Steelfist,Rolen,Silaqui,Selevarun,Sapply,Tana,Scheppen,Poppy,Seraphina,Tosscobble,Shump,Sutha,Rimmon,Seddit,Random,Rakim,Sahar,Kunsgnos,Muriel,Shan,Xia,Pawero,Qalhata,Robert,Maynild,Phillippe,Marie,Sewastian,Margret,Okeanos,Megaera,Ranjeet,Shakti,Tadao,Ren,Tepiltzin,Tepin,Qinisela,Onyeka,Sigurd,Sigrunn,Popoki,Satina,Manius,Marcia,Tomislav,Tatyana,Ramiro,Rafaela
Sethrekar,Savaran,Tiammanthyllish,Thradal,Torbera,Stoutale,Soveliss,Sumnes,Siannodel,Seebo,Tenena,Shadowcloak,Reed,Shaena,Underbough,Tanglar,Tagga,Sammal,Seere,Reverence,Rashad,Salma,Leigh,Nereena,Shen,Xiaodan,Ramose,Rai,Roger,Milicent,Pierre,Melisende,Sigmund,Marlein,Orestes,Melaina,Rishi,Shanta,Takehiko,Saki,Tezcacoatl,Teuicui,Quanda,Simisola,Skari,Solveg,Ruru,Tahia,Marcus,Maxima,Vasili,Tomislava,Ramon,Ramira
Shamash,Sora,Turnuroth,Tordek,Tordrid,Strakeln,Suhnae,Theirastra,Suithrasas,Senteq,Tervaround,Silverthread,Roscoe,Stacee,Underfoot,Tarak,Tawar,Skamos,Sekhmet,Revulsion,Rauf,Shatha,Maccus,Oriana,Tengfei,Xiaoli,Rudjek,Redji,Roland,Oriel,Regnault,Odelina,Steffan,Martha,Pallas,Melpomene,Sanjay,Shobha,Takeo,Shigeko,Tlacaelel,Teyacapan,Samanya,Temitope,Snorri,Svanhild,Tahu,Tasi,Marius,Nona,Velimir,Veronika,Rodrigo,Rosario
Shedinn,Surina,Umbyrphrael,Traubon,Torgga,Strongheart,Thamior,Thiala,Sylvaranth,Sindri,Tippletoe,Sympony,Sam,Tawna,Warmwater,Thar,Tomph,Tethren,Semyaza,Sorrow,Saladin,Tahira,Moryn,Regan,Wei,Xingjuan,Sabaf,Sadeh,Rolf,Rohesia,Richart,Perrette,Symon,Otilia,Patroklos,Nausikaa,Sekar,Sima,Takeshi,Shinju,Tlacelel,Tlaco,Shanika,Thema,Sten,Thora,Taurau,Tiaho,Maximus,Octavia,Vladimir,Vesna,Sabastian,Sofia
Srorthen,Synthrin,Vangdondalor,Travok,Ushar,Thrahak,Tharivol,Tiaathque,Teinithra,Umpen,Ulla,Tarkelby,Shardon,Thea,Whispermouse,Trag,Ubada,Thamuz,Shava,Temerity,Sami,Takisha,Neale,Ronat,Xiaobo,Xue,Sebek-khu,Sadek,Simon,Rosalind,Robert,Petronilla,Thoman,Ottilg,Philandros,Nemesis,Shandar,Sonal,Takumi,Sumiko,Tlaloc,Tlacoehua,Sibonsakaliso,Titlayo,Stigandr,Torborg,Tuala,Tihani,Octavius,Paulina,Valadislav,Vladimira,Salvador,Suelo
Tarhun,Tatyan,Verthisathurgiesh,Ulfgar,Valida,Torevir,Theren,Traulam,Tiltathana,Warryn,Unvera,Timbers,Tye,Trym,Wildcloak,Ugarth,Vanchu,Therai,Shax,Torment,Samir,Thana,Owyn,Rowena,Xin,Ya,Sebni,Sitamun,Theobald,Rosamund,Robinet,Sedilia,Ulrich,Peternella,Phoibos,Niobe,Sumantra,Sumana,Tamotsu,Toshiko,Tlanextic,Tlacotl,Tapiwa,Udo,Stigr,Torunn,Turoa,Toroa,Paulus,Petronia,Vlastimir,Yaroslava,Simon,Teresa
Torinn,Thava,Wivvyrholdalphiax,Uraim,Vistra,Torunn,Theriatis,Vadania,Wasanthi,Wiggens,Veloptima,Turen,Ulmo,Tyna,Wildheart,Varg,Vola,Valafar,Sorath,Tragedy,Talib,Yadira,Pryderi,Selma,Yang,Yan,Senusret,Sitre,Theodoric,Sarah,Sauvage,Stephana,Vallentin,Reusin,Phrixus,Ourania,Vijay,Sunita,Tatsuo,Tsukiko,Tlazohtlaloni,Tlalli,Thabo,Uduak,Sven,Tove,Tusitala,Ulanni,Quintilian,Porcia,Volodimeru,Yelena,Tomas,Tomasa
Trynnicus,Uadjit,Wystongjiir,Veit,Vonana,Trollbleeder,Thervan,Valanthe,Withrethin,Wobbles,Virra,Umbodoben,Wellby,Vani,Wiseacre,Vilberg,Volen,Vassago,Uzza,Vice,Tariq,Zahra,Reaghan,Ula,Ying,Ying,Shabaka,Takhat,Thomas,Susannah,Simon,Sybilla,Wendel,Sibilla,Priamos,Phaenna,Vikram,Tara,Toru,Ume,Tlazopillo,Tlanextli,Themba,Ufuoma,Trygve,Unn,Uaine,Uluwehi,Regulus,Tuilla,Vratislav,Zaria,Tristan,Valentina
Valorean,Vezera,Xephyrbahnor,Vonbin,Werydd,Trueanvil,Uthemar,Valna,Xiloscient,Wrenn,Waywocket,Waggletop,Wendel,Verna,Cannon,Yurk,Vorka,Xappan,Vapula,Virtue,Yazid,Zaida,Taliesin,Venetia,Zhong,Yue,Somintu,Tarset,Timm,Sybil,Talbot,Ysabeau,Wilhelm,Ursel,Pyrrhos,Polymnia,Vimal,Valli,Tohio,Usagi,Xipilli,Xihuitl,Uzoma,Yaa,Ulf,Vigdis,Waata,Vaina,Servius,Verginia,Yarognev,Zarya,Valeriano,Veronica
Vrondiss,Zyrkoff,Yarjerit,Vondal,Whurdred,Trueblood,Vanuath,Xanaphia,Xistsrith,Zaffrab,Yebe,Welber,Wenner,Wella,Tinglepingle,Zed,Yevelda,Zepar,Vepar,Weary,Jafar,Zaina,Tiernay,Wynne,Hui,Yuri,Thaneni,Taweret,William,Williamina,Tanguy,Ysabel,Wolff,Vrsula,Xanthos,Semele,Vishal,Vijaya,Yasuo,Yasuko,Yaotl,Xiuhcoatl,Zuberi,Yejide,Vali,Ylva,Waipuna,Waiola,Tacitus,Vita,Yaromir,Zoria,Yngio,Ynes
Zendaar,Rhonda,Zzzxaaxthroth,Whurbin,Yurgunn,Ungart,Varis,Rondandius,Yaeldrin,Zook,Zanna,Wildwander,Wes,Willow,Radishhead,Blarg,Zagga,Zephan,Verin,Wit,Silan,Zeinab,Turi,Yseult,Junji,Rhonda,Thethi,Werenro,Wymar,Yvonne,Vincent,Fiorela,Wolfgang,Walpurg,Zephyros,Theia,Yash,Vimala,Yukio,Yuriko,Amoxital,Xiuhtonal,Zuri,Yewande,Vidar,Yngvild,Zamar,Waitara,Varius,Titania,Zbignev,Zorya,Rafael,Ysabel
